-- phpMyAdmin SQL Dump
-- version 4.9.0.1
-- https://www.phpmyadmin.net/
--
-- Host: 127.0.0.1
-- Generation Time: Nov 12, 2019 at 03:57 AM
-- Server version: 10.4.6-MariaDB
-- PHP Version: 7.3.9

SET SQL_MODE = "NO_AUTO_VALUE_ON_ZERO";
SET AUTOCOMMIT = 0;
START TRANSACTION;
SET time_zone = "+00:00";


/*!40101 SET @OLD_CHARACTER_SET_CLIENT=@@CHARACTER_SET_CLIENT */;
/*!40101 SET @OLD_CHARACTER_SET_RESULTS=@@CHARACTER_SET_RESULTS */;
/*!40101 SET @OLD_COLLATION_CONNECTION=@@COLLATION_CONNECTION */;
/*!40101 SET NAMES utf8mb4 */;

--
-- Database: `sanchalana2k20`
--

-- --------------------------------------------------------

--
-- Table structure for table `events`
--

CREATE TABLE `events` (
  `event_id` int(11) NOT NULL,
  `event_title` varchar(50) NOT NULL,
  `event_price` int(11) DEFAULT NULL,
  `participents` int(100) DEFAULT 0,
  `img_link` text DEFAULT NULL,
  `type_id` int(11) DEFAULT NULL
) ENGINE=InnoDB DEFAULT CHARSET=latin1;

--
-- Dumping data for table `events`
--

INSERT INTO `events` (`event_id`, `event_title`, `event_price`, `participents`, `img_link`, `type_id`) VALUES
(1, 'Cryptohunt', 100, 0, 'images/crypto.png', 1),
(2, 'Search-it', 50, 2, 'images/cs03.jpg', 1),
(3, 'Technical-Quiz', 50, 2, 'images/quiz.png', 1),
(4, 'Competitive-Coding', 50, 1, 'images/coding.jpg', 1),
(5, 'Pubg', 50, 1, 'images/pubg.jpg', 2),
(6, 'Counter-Strike', 100, 1, 'images/counter.jpg\r\n', 2),
(7, 'Fashion-Show', 200, 1, 'images/onstage.jpg', 3),
(8, 'Dance', 100, 0, 'images/dance.jpg', 3),
(9, 'Singing', 50, 0, 'images/sing.jpg', 3),
(10, 'Svit-Idol', 100, 0, 'images/idol.jpg', 3),
(11, 'Cooking-Without-Fire', 50, 0, 'images/cook.jpg', 4),
(12, 'Short-Movie', 200, 0, 'images/offstage.jpg', 4),
(13, 'Mehandi', 100, 0, 'image/mehandi.jpg', 4),
(14, 'Rangoli', 50, 0, 'images/cs03.jpg', 4);

-- --------------------------------------------------------

--
-- Table structure for table `event_info`
--

CREATE TABLE `event_info` (
  `event_id` int(10) NOT NULL,
  `Date` date DEFAULT NULL,
  `time` varchar(20) NOT NULL,
  `location` varchar(300) NOT NULL
) ENGINE=InnoDB DEFAULT CHARSET=latin1;

--
-- Dumping data for table `event_info`
--

INSERT INTO `event_info` (`event_id`, `Date`, `time`, `location`) VALUES
(1, '2021-04-16', '3.00pm', '135 Room blk 1'),
(2, '2021-04-16', '1.00pm', '020 Lab blk 1'),
(3, '2021-04-16', '11.00am', '136 Room blk 3'),
(4, '2021-04-16', '9.30am', '020 Lab blk 3'),
(5, '2021-04-17', '10.00am', '121 Lab blk 5'),
(6, '2021-04-17', '11.00am', '122 Lab blk 6'),
(7, '2021-04-17', '9.30pm', 'seminar hall blk 5'),
(8, '2021-04-17', '7.00pm', 'seminar hall blk 1'),
(9, '2021-04-17', '5.00pm', 'seminar hall blk 9'),
(10, '2021-04-17', '6.00pm', 'seminar hall blk 9'),
(11, '2021-04-16', '10.30am', '123 Room blk 3a'),
(12, '2021-04-16', '10.00am', '021 Lab blk 6'),
(13, '2021-04-15', '3pm', '021 lab blk 6'),
(14, '2021-04-15', '2.00pm', 'Quandrangle');

-- --------------------------------------------------------

--
-- Table structure for table `event_type`
--

CREATE TABLE `event_type` (
  `type_id` int(10) NOT NULL,
  `type_title` text NOT NULL
) ENGINE=InnoDB DEFAULT CHARSET=latin1;

--
-- Dumping data for table `event_type`
--

INSERT INTO `event_type` (`type_id`, `type_title`) VALUES
(1, 'Technical Events'),
(2, 'Gaming Events'),
(3, 'On Stage Events'),
(4, 'Off Stage Events');

-- --------------------------------------------------------

--
-- Table structure for table `participent`
--

CREATE TABLE `participent` (
  `usn` varchar(20) NOT NULL,
  `name` varchar(100) NOT NULL,
  `branch` varchar(11) NOT NULL,
  `sem` int(11) NOT NULL,
  `email` varchar(300) NOT NULL,
  `phone` varchar(12) NOT NULL,
  `college` varchar(20) NOT NULL
) ENGINE=InnoDB DEFAULT CHARSET=latin1;

--
-- Dumping data for table `participent`
--

INSERT INTO `participent` (`usn`, `name`, `branch`, `sem`, `email`, `phone`, `college`) VALUES
('19bcs2271', 'Anu', 'CSE', 5, 'annapoornaba@gmail.com', '8123300011', 'cu'),
('19bcs2349', 'BHAVANA', 'cse', 5, 'BHAVANA@GMAIL.COM', '9934736623', 'cu'),
('19bcs2154', 'Kavya', 'cse', 5, 'Kavya@gmail.com', '7888387323', 'cu'),
('19bcs2895', 'Mythri', 'cse', 5, 'mythri@saividya.ac.in', '8998848488', 'cu'),
('19bcs1855', 'Prajwal', 'cse', 5, 'prajwal@gmail.com', '9858787438', 'cu'),
('19bcs1255', 'Prathiksha', 'cse', 5, 'prathi@gmail.com', '7897854345', 'cu');

-- --------------------------------------------------------

--
-- Table structure for table `registered`
--

CREATE TABLE `registered` (
  `rid` int(11) NOT NULL,
  `usn` varchar(20) DEFAULT NULL,
  `event_id` int(11) DEFAULT NULL
) ENGINE=InnoDB DEFAULT CHARSET=latin1;

--
-- Dumping data for table `registered`
--

INSERT INTO `registered` (`rid`, `usn`, `event_id`) VALUES
(1, '19bcs2222', 2),
(2, '19bcs2474', 4),
(3, '19bcs2115', 2),
(4, '19bcs1115', 3),
(5, '19bcs1395', 3),
(6, '19bcs1142', 5),
(8, '19bcs2655', 6),
(10,'19bcs1145', 7);

--
-- Triggers `registered`
--
DELIMITER $$
CREATE TRIGGER `count` AFTER INSERT ON `registered` FOR EACH ROW update events
set events.participents=events.participents+1
WHERE events.event_id=new.event_id
$$
DELIMITER ;

-- --------------------------------------------------------

--
-- Table structure for table `staff_coordinator`
--

CREATE TABLE `staff_coordinator` (
  `stid` int(11) NOT NULL,
  `name` varchar(100) NOT NULL,
  `phone` varchar(10) DEFAULT NULL,
  `event_id` int(11) DEFAULT NULL
) ENGINE=InnoDB DEFAULT CHARSET=latin1;

--
-- Dumping data for table `staff_coordinator`
--

INSERT INTO `staff_coordinator` (`stid`, `name`, `phone`, `event_id`) VALUES
(1, 'Mamatha.s', '9956436610', 1),
(2, 'Mamatha', '9956436123', 2),
(3, 'Suparna.A', '9956436456', 3),
(4, 'Geetha', '9956436789', 4),
(5, 'Radha', '9956436101', 5),
(6, 'Usha.D.R', '9123436610', 6),
(7, 'Deeksha.G', '9456436610', 7),
(8, 'Deeksha.Patgar', '9789436610', 8),
(9, 'Shubha Naik', '9956412310', 9),
(10, 'Sairaj Patgar', '9956445610', 10),
(11, 'Reshma Hittalmakhi', '9956473510', 11),
(12, 'Annanya.A.G', '9955636610', 12),
(13, 'Sushma', '8948476464', 13),
(14, 'Bhavya', NULL, 14);

-- --------------------------------------------------------

--
-- Table structure for table `student_coordinator`
--

CREATE TABLE `student_coordinator` (
  `sid` int(11) NOT NULL,
  `st_name` varchar(100) NOT NULL,
  `phone` varchar(10) DEFAULT NULL,
  `event_id` int(11) DEFAULT NULL
) ENGINE=InnoDB DEFAULT CHARSET=latin1;

--
-- Dumping data for table `student_coordinator`
--

INSERT INTO `student_coordinator` (`sid`, `st_name`, `phone`, `event_id`) VALUES
(1, 'Prajwal Srinivas', '6956436610', 1),
(2, 'Rakesh Mariyappa', '7956436123', 2),
(3, 'Arjun.A', '8956436456', 3),
(4, 'Sanjana', '6956436789', 4),
(5, 'NIkhil Bhat', '7956436101', 5),
(6, 'Pruthvi P', '8123436610', 6),
(7, 'Anshuman.A.N', '6456436610', 7),
(8, 'Abhinandhan.A', '7789436610', 8),
(9, 'Suraj Upadhya', '7956412310', 9),
(10, 'Imran Khalil Khan', '7956445610', 10),
(11, 'Mythri', '6956473510', 11),
(12, 'Pratyush Mishra', '8955636610', 12),
(13, 'Kavya', '8994874384', 13),
(14, 'Rishitha', NULL, 14);

--
-- Indexes for dumped tables
--

--
-- Indexes for table `events`
--
ALTER TABLE `events`
  ADD PRIMARY KEY (`event_id`);

--
-- Indexes for table `event_info`
--
ALTER TABLE `event_info`
  ADD PRIMARY KEY (`event_id`);

--
-- Indexes for table `event_type`
--
ALTER TABLE `event_type`
  ADD PRIMARY KEY (`type_id`);

--
-- Indexes for table `participent`
--
ALTER TABLE `participent`
  ADD PRIMARY KEY (`usn`);

--
-- Indexes for table `registered`
--
ALTER TABLE `registered`
  ADD PRIMARY KEY (`rid`);

--
-- Indexes for table `staff_coordinator`
--
ALTER TABLE `staff_coordinator`
  ADD PRIMARY KEY (`stid`);

--
-- Indexes for table `student_coordinator`
--
ALTER TABLE `student_coordinator`
  ADD PRIMARY KEY (`sid`);

--
-- AUTO_INCREMENT for dumped tables
--

--
-- AUTO_INCREMENT for table `event_info`
--
ALTER TABLE `event_info`
  MODIFY `event_id` int(10) NOT NULL AUTO_INCREMENT, AUTO_INCREMENT=15;

--
-- AUTO_INCREMENT for table `registered`
--
ALTER TABLE `registered`
  MODIFY `rid` int(11) NOT NULL AUTO_INCREMENT, AUTO_INCREMENT=11;

--
-- AUTO_INCREMENT for table `staff_coordinator`
--
ALTER TABLE `staff_coordinator`
  MODIFY `stid` int(11) NOT NULL AUTO_INCREMENT, AUTO_INCREMENT=15;

--
-- AUTO_INCREMENT for table `student_coordinator`
--
ALTER TABLE `student_coordinator`
  MODIFY `sid` int(11) NOT NULL AUTO_INCREMENT, AUTO_INCREMENT=15;
COMMIT;

/*!40101 SET CHARACTER_SET_CLIENT=@OLD_CHARACTER_SET_CLIENT */;
/*!40101 SET CHARACTER_SET_RESULTS=@OLD_CHARACTER_SET_RESULTS */;
/*!40101 SET COLLATION_CONNECTION=@OLD_COLLATION_CONNECTION */;
